Alcoholic Bilbao,Keverton,Keverton
Alcoholic Bilbao,Keverton,Alcoholic Bilbao
Alcoholic Bilbao,Keverton,Keverton
Alcoholic Bilbao,Keverton,Keverton
Alcoholic Bilbao,Keverton,Keverton
Alcoholic Bilbao,Keverton,Keverton
Alcoholic Bilbao,Keverton,Alcoholic Bilbao
Alcoholic Bilbao,Keverton,Keverton
Alcoholic Bilbao,Keverton,Alcoholic Bilbao
Alcoholic Bilbao,Keverton,Keverton
Alcoholic Bilbao,Keverton,Keverton
Alcoholic Bilbao,Keverton,Alcoholic Bilbao
Alcoholic Bilbao,Keverton,Keverton
Alcoholic Bilbao,Keverton,Alcoholic Bilbao
Alcoholic Bilbao,Keverton,Alcoholic Bilbao
Alcoholic Bilbao,Keverton,Keverton
Alcoholic Bilbao,Keverton,Keverton
Alcoholic Bilbao,Keverton,Keverton
Alcoholic Bilbao,Keverton,Keverton
Alcoholic Bilbao,Keverton,Keverton
Alcoholic Bilbao,Keverton,Alcoholic Bilbao
Alcoholic Bilbao,Keverton,Keverton
Alcoholic Bilbao,Keverton,Keverton
Alcoholic Bilbao,Keverton,Keverton
Alcoholic Bilbao,Keverton,Keverton
Alcoholic Bilbao,Keverton,Keverton
Alcoholic Bilbao,Keverton,Keverton
Alcoholic Bilbao,Keverton,Keverton
Alcoholic Bilbao,Keverton,Keverton
Alcoholic Bilbao,Keverton,Alcoholic Bilbao
Alcoholic Bilbao,Keverton,Keverton
Alcoholic Bilbao,Keverton,Keverton
Alcoholic Bilbao,Keverton,Keverton
Alcoholic Bilbao,Keverton,Keverton
Alcoholic Bilbao,Keverton,Keverton
Alcoholic Bilbao,Keverton,Keverton
Alcoholic Bilbao,Keverton,Alcoholic Bilbao
Alcoholic Bilbao,Keverton,Alcoholic Bilbao
Alcoholic Bilbao,Keverton,Alcoholic Bilbao
Alcoholic Bilbao,Keverton,Keverton
Alcoholic Bilbao,Keverton,Keverton
Alcoholic Bilbao,Keverton,Alcoholic Bilbao
Alcoholic Bilbao,Keverton,Alcoholic Bilbao
Alcoholic Bilbao,Keverton,Keverton
Alcoholic Bilbao,Keverton,Alcoholic Bilbao
Alcoholic Bilbao,Keverton,Alcoholic Bilbao
Alcoholic Bilbao,Keverton,Keverton
Alcoholic Bilbao,Keverton,Keverton
Alcoholic Bilbao,Keverton,Keverton
Alcoholic Bilbao,Keverton,Keverton
Alcoholic Bilbao,Keverton,Alcoholic Bilbao
Alcoholic Bilbao,Keverton,Alcoholic Bilbao
Alcoholic Bilbao,Keverton,Alcoholic Bilbao
Alcoholic Bilbao,Keverton,Keverton
Alcoholic Bilbao,Keverton,Keverton
Alcoholic Bilbao,Keverton,Alcoholic Bilbao
Alcoholic Bilbao,Keverton,Keverton
Alcoholic Bilbao,Keverton,Keverton
Alcoholic Bilbao,Keverton,Alcoholic Bilbao
Alcoholic Bilbao,Keverton,Keverton
Alcoholic Bilbao,Keverton,Keverton
Alcoholic Bilbao,Keverton,Keverton
Alcoholic Bilbao,Keverton,Keverton
Alcoholic Bilbao,Keverton,Keverton
Alcoholic Bilbao,Keverton,Alcoholic Bilbao
Alcoholic Bilbao,Keverton,Keverton
Alcoholic Bilbao,Keverton,Keverton
Alcoholic Bilbao,Keverton,Alcoholic Bilbao
Alcoholic Bilbao,Keverton,Alcoholic Bilbao
Alcoholic Bilbao,Keverton,Keverton
Alcoholic Bilbao,Keverton,Alcoholic Bilbao
Alcoholic Bilbao,Keverton,Keverton
Alcoholic Bilbao,Keverton,Keverton
Alcoholic Bilbao,Keverton,Keverton
Alcoholic Bilbao,Keverton,Keverton
Alcoholic Bilbao,Keverton,Alcoholic Bilbao
Alcoholic Bilbao,Keverton,Keverton
Alcoholic Bilbao,Keverton,Keverton
Alcoholic Bilbao,Keverton,Alcoholic Bilbao
Alcoholic Bilbao,Keverton,Alcoholic Bilbao
Alcoholic Bilbao,Keverton,Keverton
Alcoholic Bilbao,Keverton,Keverton
Alcoholic Bilbao,Keverton,Alcoholic Bilbao
Alcoholic Bilbao,Keverton,Alcoholic Bilbao
Alcoholic Bilbao,Keverton,Alcoholic Bilbao
Alcoholic Bilbao,Keverton,Alcoholic Bilbao
Alcoholic Bilbao,Keverton,Keverton
Alcoholic Bilbao,Keverton,Keverton
Alcoholic Bilbao,Keverton,Keverton
Alcoholic Bilbao,Keverton,Keverton
Alcoholic Bilbao,Keverton,Keverton
Alcoholic Bilbao,Keverton,Alcoholic Bilbao
Alcoholic Bilbao,Keverton,Keverton
Alcoholic Bilbao,Keverton,Alcoholic Bilbao
Alcoholic Bilbao,Keverton,Keverton
Alcoholic Bilbao,Keverton,Keverton
Alcoholic Bilbao,Keverton,Keverton
Alcoholic Bilbao,Keverton,Keverton
Alcoholic Bilbao,Keverton,Keverton
Alcoholic Bilbao,Keverton,Alcoholic Bilbao
